{
    "name": "root",
    "gauges": {
        "FlapBird.Policy.Entropy.mean": {
            "value": 0.13172173500061035,
            "min": 0.13144434988498688,
            "max": 0.6666134595870972,
            "count": 10
        },
        "FlapBird.Environment.EpisodeLength.mean": {
            "value": 298.26060606060605,
            "min": 32.898983050847455,
            "max": 317.75949367088606,
            "count": 10
        },
        "FlapBird.Policy.ExtrinsicValueEstimate.mean": {
            "value": 6.285824775695801,
            "min": 0.257352739572525,
            "max": 6.285824775695801,
            "count": 10
        },
        "FlapBird.Environment.CumulativeReward.mean": {
            "value": 28.976508371980792,
            "min": 2.3898234893056074,
            "max": 30.835034386937025,
            "count": 10
        },
        "FlapBird.Policy.ExtrinsicReward.mean": {
            "value": 28.976508371980792,
            "min": 2.3898234893056074,
            "max": 30.835034386937025,
            "count": 10
        },
        "FlapBird.Losses.ValueLoss.mean": {
            "value": 0.7590605020523071,
            "min": 0.21075880527496338,
            "max": 0.7590605020523071,
            "count": 10
        },
        "FlapBird.Losses.PolicyLoss.mean": {
            "value": 0.02270735427737236,
            "min": 0.021054228767752647,
            "max": 0.026543330401182175,
            "count": 10
        },
        "FlapBird.Policy.LearningRate.mean": {
            "value": 1.65374167409027e-05,
            "min": 1.65374167409027e-05,
            "max": 0.0002845912822522223,
            "count": 10
        },
        "FlapBird.Policy.Epsilon.mean": {
            "value": 0.10551242530345917,
            "min": 0.10551242530345917,
            "max": 0.19486373662948608,
            "count": 10
        },
        "FlapBird.Policy.Beta.mean": {
            "value": 0.00028507079696282744,
            "min": 0.00028507079696282744,
            "max": 0.004743700847029686,
            "count": 10
        },
        "FlapBird.IsTraining.mean": {
            "value": 1.0,
            "min": 1.0,
            "max": 1.0,
            "count": 10
        }
    },
    "metadata": {
        "timer_format_version": "0.1.0",
        "start_time_seconds": "1606056382",
        "python_version": "3.8.6 (tags/v3.8.6:db45529, Sep 23 2020, 15:52:53) [MSC v.1927 64 bit (AMD64)]",
        "command_line_arguments": "C:\\Users\\ariel\\AppData\\Local\\Programs\\Python\\Python38\\Scripts\\mlagents-learn config/trainer_config.yaml --run-id=FlapBird10",
        "mlagents_version": "0.21.1",
        "mlagents_envs_version": "0.21.1",
        "communication_protocol_version": "1.2.0",
        "tensorflow_version": "2.3.1",
        "numpy_version": "1.19.4",
        "end_time_seconds": "1606057074"
    },
    "total": 691.8708915999999,
    "count": 1,
    "self": 1.5598466999998664,
    "children": {
        "run_training.setup": {
            "total": 0.5065916000000001,
            "count": 1,
            "self": 0.5065916000000001
        },
        "TrainerController.start_learning": {
            "total": 689.8044533000001,
            "count": 1,
            "self": 1.3846843999903058,
            "children": {
                "TrainerController._reset_env": {
                    "total": 28.76001519999999,
                    "count": 1,
                    "self": 28.76001519999999
                },
                "TrainerController.advance": {
                    "total": 657.5001388000098,
                    "count": 50096,
                    "self": 0.6224081000102615,
                    "children": {
                        "env_step": {
                            "total": 656.8777306999996,
                            "count": 50096,
                            "self": 610.2205982999812,
                            "children": {
                                "SubprocessEnvManager._take_step": {
                                    "total": 45.98025810002004,
                                    "count": 50096,
                                    "self": 1.4394331000172258,
                                    "children": {
                                        "TFPolicy.evaluate": {
                                            "total": 44.54082500000281,
                                            "count": 50096,
                                            "self": 44.54082500000281
                                        }
                                    }
                                },
                                "workers": {
                                    "total": 0.6768742999982464,
                                    "count": 50096,
                                    "self": 0.0,
                                    "children": {
                                        "worker_root": {
                                            "total": 671.4473253999993,
                                            "count": 50096,
                                            "is_parallel": true,
                                            "self": 142.88070350000407,
                                            "children": {
                                                "steps_from_proto": {
                                                    "total": 0.08685969999999976,
                                                    "count": 1,
                                                    "is_parallel": true,
                                                    "self": 0.028688199999999497,
                                                    "children": {
                                                        "_process_vector_observation": {
                                                            "total": 0.058171500000000265,
                                                            "count": 2,
                                                            "is_parallel": true,
                                                            "self": 0.058171500000000265
                                                        }
                                                    }
                                                },
                                                "UnityEnvironment.step": {
                                                    "total": 528.4797621999952,
                                                    "count": 50096,
                                                    "is_parallel": true,
                                                    "self": 4.076063999996336,
                                                    "children": {
                                                        "UnityEnvironment._generate_step_input": {
                                                            "total": 16.17956410000813,
                                                            "count": 50096,
                                                            "is_parallel": true,
                                                            "self": 16.17956410000813
                                                        },
                                                        "communicator.exchange": {
                                                            "total": 485.15859149999767,
                                                            "count": 50096,
                                                            "is_parallel": true,
                                                            "self": 485.15859149999767
                                                        },
                                                        "steps_from_proto": {
                                                            "total": 23.065542599993062,
                                                            "count": 50096,