{
    "name": "root",
    "gauges": {
        "FlapBird.Policy.Entropy.mean": {
            "value": 0.13076867163181305,
            "min": 0.1283644288778305,
            "max": 0.6833968758583069,
            "count": 10
        },
        "FlapBird.Environment.EpisodeLength.mean": {
            "value": 308.2088607594937,
            "min": 32.117218543046356,
            "max": 309.0745341614907,
            "count": 10
        },
        "FlapBird.Policy.ExtrinsicValueEstimate.mean": {
            "value": 6.199759006500244,
            "min": 0.33683061599731445,
            "max": 6.199759006500244,
            "count": 10
        },
        "FlapBird.Environment.CumulativeReward.mean": {
            "value": 29.920888544826568,
            "min": 2.3114644211597835,
            "max": 29.9938296502755,
            "count": 10
        },
        "FlapBird.Policy.ExtrinsicReward.mean": {
            "value": 29.920888544826568,
            "min": 2.3114644211597835,
            "max": 29.9938296502755,
            "count": 10
        },
        "FlapBird.Losses.ValueLoss.mean": {
            "value": 0.7106600999832153,
            "min": 0.11110652983188629,
            "max": 0.7175148725509644,
            "count": 10
        },
        "FlapBird.Losses.PolicyLoss.mean": {
            "value": 0.022374827414751053,
            "min": 0.022374827414751053,
            "max": 0.028384041041135788,
            "count": 10
        },
        "FlapBird.Policy.LearningRate.mean": {
            "value": 1.652205719437916e-05,
            "min": 1.652205719437916e-05,
            "max": 0.00028461182955652475,
            "count": 10
        },
        "FlapBird.Policy.Epsilon.mean": {
            "value": 0.10550731420516968,
            "min": 0.10550731420516968,
            "max": 0.19487062096595764,
            "count": 10
        },
        "FlapBird.Policy.Beta.mean": {
            "value": 0.0002848152653314173,
            "min": 0.0002848152653314173,
            "max": 0.00474404264241457,
            "count": 10
        },
        "FlapBird.IsTraining.mean": {
            "value": 1.0,
            "min": 1.0,
            "max": 1.0,
            "count": 10
        }
    },
    "metadata": {
        "timer_format_version": "0.1.0",
        "start_time_seconds": "1606057292",
        "python_version": "3.8.6 (tags/v3.8.6:db45529, Sep 23 2020, 15:52:53) [MSC v.1927 64 bit (AMD64)]",
        "command_line_arguments": "C:\\Users\\ariel\\AppData\\Local\\Programs\\Python\\Python38\\Scripts\\mlagents-learn config/trainer_config.yaml --run-id=FlapBird20",
        "mlagents_version": "0.21.1",
        "mlagents_envs_version": "0.21.1",
        "communication_protocol_version": "1.2.0",
        "tensorflow_version": "2.3.1",
        "numpy_version": "1.19.4",
        "end_time_seconds": "1606057815"
    },
    "total": 522.8531978,
    "count": 1,
    "self": 0.35400189999995746,
    "children": {
        "run_training.setup": {
            "total": 0.009370999999999796,
            "count": 1,
            "self": 0.009370999999999796
        },
        "TrainerController.start_learning": {
            "total": 522.4898249,
            "count": 1,
            "self": 0.7619467000012037,
            "children": {
                "TrainerController._reset_env": {
                    "total": 22.091876,
                    "count": 1,
                    "self": 22.091876
                },
                "TrainerController.advance": {
                    "total": 497.76747659999876,
                    "count": 25066,
                    "self": 0.3222045999975194,
                    "children": {
                        "env_step": {
                            "total": 497.44527200000124,
                            "count": 25066,
                            "self": 470.4032518000054,
                            "children": {
                                "SubprocessEnvManager._take_step": {
                                    "total": 26.67907169999579,
                                    "count": 25066,
                                    "self": 0.8952572999973825,
                                    "children": {
                                        "TFPolicy.evaluate": {
                                            "total": 25.78381439999841,
                                            "count": 25066,
                                            "self": 25.78381439999841
                                        }
                                    }
                                },
                                "workers": {
                                    "total": 0.3629485000000052,
                                    "count": 25066,
                                    "self": 0.0,
                                    "children": {
                                        "worker_root": {
                                            "total": 501.0747971000008,
                                            "count": 25066,
                                            "is_parallel": true,
                                            "self": 89.60544550000094,
                                            "children": {
                                                "steps_from_proto": {
                                                    "total": 0.0010002000000000066,
                                                    "count": 1,
                                                    "is_parallel": true,
                                                    "self": 0.00041859999999971365,
                                                    "children": {
                                                        "_process_vector_observation": {
                                                            "total": 0.000581600000000293,
                                                            "count": 2,
                                                            "is_parallel": true,
                                                            "self": 0.000581600000000293
                                                        }
                                                    }
                                                },
                                                "UnityEnvironment.step": {
                                                    "total": 411.46835139999985,
                                                    "count": 25066,
                                                    "is_parallel": true,
                                                    "self": 2.5206050999941567,
                                                    "children": {
                                                        "UnityEnvironment._generate_step_input": {
                                                            "total": 13.141039700007909,
                                                            "count": 25066,
                                                            "is_parallel": true,
                                                            "self": 13.141039700007909
                                                        },
                                                        "communicator.exchange": {
                                                            "total": 378.79469029999876,
                                                            "count": 25066,
                                                            "is_parallel": true,
                                                            "self": 378.79469029999876
                                                        },
                                                        "steps_from_proto": {
                                                            "total": 17.01201629999901,
                                                            "count": 25066,
                                                            "is_parallel": true,