{"cameraMode":{"drawMode":0,"name":"Shaded","section":"Shading Mode"},"sceneLighting":false,"audioPlay":false,"sceneViewState":{"showFog":true,"showMaterialUpdate":false,"showSkybox":false,"showFlares":true,"showImageEffects":true,"showParticleSystems":true},"in2DMode":false,"pivot":{"x":-0.578354001045227,"y":5.584137916564941,"z":0.28302550315856936},"rotation":{"x":-0.025249559432268144,"y":0.13900324702262879,"z":0.003545431885868311,"w":0.9899656772613525},"size":4.536543369293213,"orthographic":false}